"segunda1";"segunda2";"segunda3";"segunda4";"segunda5";"segunda6";"segunda7";"segunda8";"segunda9";"segunda10"
"08:02:18";"08:01:09";"08:00:27";"08:01:07";"08:04:12";"08:04:33";"08:02:14";"08:00:01";"08:00:47";"08:02:39"
"08:05:18";"08:02:46";"08:03:30";"08:01:48";"08:04:18";"08:04:37";"08:09:31";"08:03:23";"08:01:15";"08:05:28"
"08:07:02";"08:03:42";"08:06:51";"08:03:04";"08:05:51";"08:08:18";"08:13:42";"08:03:57";"08:04:46";"08:06:19"
"08:07:55";"08:04:21";"08:09:06";"08:09:04";"08:06:29";"08:10:21";"08:13:54";"08:08:52";"08:10:25";"08:06:59"
"08:09:27";"08:05:32";"08:12:36";"08:10:33";"08:09:41";"08:11:46";"08:14:14";"08:09:57";"08:12:36";"08:11:53"
"08:11:41";"08:05:45";"08:14:46";"08:15:54";"08:10:31";"08:12:31";"08:15:33";"08:11:15";"08:12:44";"08:13:07"
"08:16:02";"08:06:38";"08:15:47";"08:15:55";"08:11:24";"08:13:16";"08:16:19";"08:13:43";"08:15:00";"08:14:56"
"08:16:23";"08:08:02";"08:16:22";"08:18:40";"08:12:41";"08:13:23";"08:16:54";"08:15:41";"08:18:21";"08:15:35"
"08:16:36";"08:10:04";"08:19:03";"08:20:58";"08:14:16";"08:14:50";"08:18:40";"08:16:22";"08:20:08";"08:15:58"
"08:17:18";"08:10:42";"08:21:40";"08:21:54";"08:14:19";"08:17:31";"08:19:10";"08:20:29";"08:22:55";"08:16:36"
"08:22:49";"08:11:46";"08:22:51";"08:24:12";"08:17:25";"08:18:31";"08:21:34";"08:20:37";"08:23:20";"08:17:29"
"08:26:48";"08:13:05";"08:23:38";"08:25:04";"08:20:52";"08:23:01";"08:22:28";"08:20:48";"08:24:04";"08:18:06"
"08:26:49";"08:13:18";"08:23:55";"08:27:16";"08:23:12";"08:29:12";"08:23:28";"08:21:05";"08:27:03";"08:18:24"
"08:26:56";"08:14:14";"08:27:35";"08:30:07";"08:23:14";"08:30:45";"08:26:16";"08:21:59";"08:30:04";"08:18:45"
"08:26:57";"08:16:16";"08:32:10";"08:30:36";"08:26:34";"08:33:32";"08:26:29";"08:23:58";"08:32:43";"08:19:51"
"08:26:59";"08:17:56";"08:32:29";"08:36:52";"08:28:15";"08:34:20";"08:38:19";"08:24:07";"08:33:43";"08:21:10"
"08:29:01";"08:18:16";"08:32:39";"08:37:55";"08:30:21";"08:35:16";"08:41:06";"08:24:40";"08:35:15";"08:21:46"
"08:30:03";"08:18:44";"08:32:49";"08:38:53";"08:38:23";"08:39:40";"08:42:58";"08:25:24";"08:36:03";"08:22:42"
"08:30:15";"08:25:13";"08:33:41";"08:41:54";"08:40:32";"08:41:54";"08:44:31";"08:25:31";"08:36:09";"08:39:27"
"08:30:22";"08:26:20";"08:33:58";"08:42:04";"08:42:22";"08:41:56";"08:45:29";"08:27:20";"08:37:16";"08:42:32"
"08:31:41";"08:26:52";"08:38:11";"08:43:59";"08:42:30";"08:43:55";"08:48:39";"08:27:49";"08:37:43";"08:44:35"
"08:31:43";"08:30:13";"08:40:02";"08:44:21";"08:47:27";"08:45:06";"08:50:45";"08:31:33";"08:38:57";"08:44:40"
"08:35:06";"08:31:00";"08:41:38";"08:44:35";"08:49:05";"08:45:31";"08:50:54";"08:35:08";"08:39:10";"08:49:31"
"08:35:14";"08:33:22";"08:41:59";"08:50:15";"08:52:16";"08:51:16";"08:50:58";"08:39:03";"08:39:21";"08:51:01"
"08:37:05";"08:35:45";"08:43:44";"08:56:38";"08:52:22";"08:51:53";"08:51:10";"08:39:58";"08:39:34";"08:58:53"
"08:38:01";"08:37:20";"08:45:14";"08:57:53";"08:54:40";"08:58:42";"08:51:29";"08:41:37";"08:39:49";"08:59:22"
"08:46:39";"08:37:26";"08:45:57";"08:59:26";"08:54:50";"09:00:36";"08:52:37";"08:42:01";"08:40:01";"09:00:10"
"08:49:14";"08:38:00";"08:46:11";"08:59:51";"09:01:18";"09:01:40";"08:52:41";"08:47:43";"08:41:06";"09:00:25"
"08:50:22";"08:41:30";"08:48:27";"09:01:22";"09:04:00";"09:02:20";"08:54:14";"08:47:50";"08:43:26";"09:01:29"
"08:53:00";"08:42:27";"08:52:38";"09:04:50";"09:06:00";"09:03:58";"08:55:46";"08:48:32";"08:51:20";"09:07:55"
"08:55:28";"08:44:19";"08:55:30";"09:05:02";"09:06:21";"09:05:38";"08:58:41";"08:49:18";"08:51:30";"09:08:58"
"08:56:37";"08:44:58";"09:03:32";"09:05:27";"09:06:28";"09:07:20";"08:59:03";"08:57:31";"08:52:56";"09:13:25"
"08:59:33";"08:45:41";"09:04:56";"09:07:31";"09:07:07";"09:08:02";"09:00:37";"08:58:37";"08:54:21";"09:13:32"
"09:00:25";"08:47:11";"09:05:30";"09:10:21";"09:07:30";"09:08:55";"09:01:38";"09:01:22";"08:56:27";"09:19:22"
"09:02:07";"08:47:15";"09:06:44";"09:12:06";"09:11:03";"09:09:04";"09:03:29";"09:03:18";"08:57:52";"09:20:00"
"09:02:58";"08:52:11";"09:07:46";"09:16:38";"09:11:08";"09:12:00";"09:04:31";"09:04:27";"08:58:56";"09:21:34"
"09:06:56";"08:52:42";"09:07:57";"09:16:59";"09:13:43";"09:12:05";"09:05:03";"09:05:14";"09:00:27";"09:24:10"
"09:07:26";"08:54:26";"09:12:07";"09:18:26";"09:15:10";"09:13:25";"09:05:15";"09:06:42";"09:00:49";"09:25:07"
"09:07:52";"08:57:20";"09:15:26";"09:19:00";"09:16:11";"09:13:59";"09:06:08";"09:07:04";"09:01:44";"09:26:11"
"09:09:04";"09:04:21";"09:19:21";"09:19:21";"09:16:30";"09:14:53";"09:07:50";"09:10:17";"09:03:28";"09:27:00"
"09:10:29";"09:05:04";"09:19:35";"09:22:28";"09:16:58";"09:15:30";"09:08:14";"09:10:49";"09:04:21";"09:29:11"
"09:11:09";"09:05:28";"09:22:06";"09:23:13";"09:17:37";"09:17:15";"09:08:52";"09:13:24";"09:05:10";"09:32:12"
"09:12:30";"09:06:27";"09:23:07";"09:24:01";"09:18:38";"09:20:35";"09:09:16";"09:13:53";"09:05:56";"09:33:45"
"09:13:03";"09:07:41";"09:23:44";"09:27:21";"09:19:36";"09:21:50";"09:09:33";"09:19:06";"09:07:06";"09:35:26"
"09:13:04";"09:07:57";"09:24:29";"09:29:44";"09:22:50";"09:24:04";"09:13:46";"09:19:26";"09:07:36";"09:40:42"
"09:15:54";"09:08:11";"09:26:08";"09:30:51";"09:24:45";"09:26:07";"09:15:32";"09:20:51";"09:08:53";"09:42:16"
"09:16:21";"09:10:26";"09:27:55";"09:32:14";"09:25:23";"09:26:13";"09:16:50";"09:28:57";"09:12:19";"09:42:50"
"09:17:09";"09:10:41";"09:28:38";"09:32:14";"09:25:52";"09:27:24";"09:17:25";"09:30:39";"09:13:27";"09:44:04"
"09:19:03";"09:13:12";"09:31:32";"09:34:54";"09:28:09";"09:32:36";"09:18:02";"09:32:06";"09:17:00";"09:44:58"
"09:19:14";"09:13:14";"09:35:11";"09:35:13";"09:30:17";"09:33:56";"09:20:21";"09:35:05";"09:18:34";"09:46:57"
"09:19:59";"09:15:50";"09:37:34";"09:35:57";"09:34:44";"09:34:37";"09:25:12";"09:35:21";"09:19:05";"09:47:10"
"09:20:06";"09:16:41";"09:41:41";"09:38:47";"09:38:29";"09:35:37";"09:25:25";"09:36:33";"09:19:06";"09:48:55"
"09:29:15";"09:17:07";"09:43:49";"09:39:23";"09:41:15";"09:37:32";"09:26:58";"09:37:08";"09:19:58";"09:50:49"
"09:34:58";"09:23:04";"09:44:26";"09:40:44";"09:48:18";"09:38:14";"09:27:12";"09:41:27";"09:33:45";"09:52:30"
"09:35:25";"09:27:01";"09:44:26";"09:44:33";"09:48:32";"09:39:25";"09:28:45";"09:41:33";"09:34:16";"09:54:23"
"09:35:54";"09:27:02";"09:44:43";"09:46:26";"09:49:48";"09:41:32";"09:29:30";"09:41:36";"09:35:06";"09:54:28"
"09:36:27";"09:27:07";"09:53:26";"09:49:49";"09:51:12";"09:43:50";"09:31:25";"09:43:00";"09:36:37";"09:57:48"
"09:36:33";"09:33:42";"09:54:04";"09:52:15";"09:51:41";"09:45:02";"09:32:46";"09:50:58";"09:37:08";"09:59:13"
"09:37:32";"09:36:34";"09:56:38";"09:54:39";"09:52:50";"09:45:30";"09:32:47";"09:52:17";"09:37:35";"09:59:34"
"09:39:26";"09:37:34";"09:56:58";"09:57:33";"09:56:52";"09:47:52";"09:34:07";"09:53:54";"09:38:42";"10:00:25"
"09:43:43";"09:38:55";"10:00:06";"09:58:46";"09:57:58";"09:48:20";"09:36:25";"09:54:23";"09:41:01";"10:05:57"
"09:43:58";"09:40:09";"10:01:15";"10:00:16";"10:01:21";"09:50:52";"09:38:56";"09:54:53";"09:43:12";"10:06:16"
"09:45:03";"09:43:17";"10:02:09";"10:00:26";"10:05:06";"09:51:04";"09:39:44";"09:55:58";"09:47:32";"10:07:39"
"09:45:31";"09:45:37";"10:03:12";"10:01:07";"10:06:06";"09:51:30";"09:49:44";"10:01:08";"09:47:36";"10:09:17"
"09:46:58";"09:46:27";"10:06:34";"10:01:19";"10:09:58";"09:52:03";"09:51:02";"10:08:15";"09:53:53";"10:11:39"
"09:48:44";"09:49:25";"10:07:48";"10:02:30";"10:11:54";"09:52:08";"09:54:52";"10:08:33";"09:57:18";"10:13:18"
"09:52:45";"09:50:00";"10:08:40";"10:05:40";"10:15:18";"09:52:28";"09:55:19";"10:09:24";"09:58:25";"10:13:20"
"09:53:43";"09:52:56";"10:11:00";"10:06:55";"10:16:23";"09:53:07";"09:57:15";"10:11:02";"10:03:40";"10:13:21"
"09:55:02";"10:00:46";"10:16:24";"10:10:46";"10:16:45";"09:54:22";"09:57:47";"10:12:52";"10:05:12";"10:14:03"
"09:56:08";"10:02:12";"10:16:29";"10:11:33";"10:16:56";"09:56:32";"09:58:30";"10:13:02";"10:05:24";"10:16:20"
"09:56:23";"10:03:35";"10:16:58";"10:14:46";"10:18:14";"09:57:58";"09:58:40";"10:13:07";"10:05:49";"10:17:58"
"09:57:30";"10:03:36";"10:17:26";"10:16:48";"10:18:19";"09:58:43";"10:01:16";"10:13:53";"10:06:31";"10:21:25"
"10:00:09";"10:04:27";"10:18:11";"10:18:56";"10:20:14";"10:01:46";"10:02:19";"10:15:26";"10:06:52";"10:21:57"
"10:01:30";"10:05:08";"10:18:41";"10:19:31";"10:20:25";"10:06:45";"10:02:50";"10:15:31";"10:07:09";"10:22:28"
"10:07:30";"10:05:24";"10:20:22";"10:20:59";"10:21:50";"10:06:48";"10:04:41";"10:16:55";"10:08:41";"10:23:45"
"10:08:38";"10:07:56";"10:21:34";"10:21:12";"10:22:42";"10:07:09";"10:05:44";"10:18:13";"10:09:44";"10:24:56"
"10:09:14";"10:08:20";"10:23:40";"10:21:12";"10:23:24";"10:07:58";"10:05:57";"10:21:11";"10:10:35";"10:26:34"
"10:09:24";"10:09:25";"10:23:53";"10:21:22";"10:23:36";"10:07:59";"10:06:16";"10:21:13";"10:10:54";"10:26:50"
"10:13:04";"10:13:12";"10:23:56";"10:21:41";"10:25:29";"10:08:23";"10:06:42";"10:23:29";"10:11:08";"10:28:47"
"10:13:21";"10:13:52";"10:27:04";"10:22:46";"10:26:49";"10:11:27";"10:07:46";"10:23:42";"10:17:02";"10:32:36"
"10:15:14";"10:14:24";"10:28:44";"10:22:55";"10:27:10";"10:11:29";"10:08:30";"10:24:34";"10:18:01";"10:33:48"
"10:17:13";"10:15:53";"10:28:57";"10:23:25";"10:29:25";"10:12:35";"10:10:04";"10:24:59";"10:19:20";"10:36:48"
"10:19:27";"10:15:53";"10:29:00";"10:25:50";"10:30:41";"10:12:56";"10:10:29";"10:25:19";"10:21:17";"10:37:04"
"10:19:44";"10:16:35";"10:29:05";"10:27:02";"10:31:09";"10:13:39";"10:10:47";"10:26:56";"10:22:53";"10:37:53"
"10:20:04";"10:16:38";"10:30:01";"10:28:19";"10:31:21";"10:14:12";"10:10:50";"10:27:34";"10:25:11";"10:38:54"
"10:21:09";"10:17:59";"10:33:43";"10:30:07";"10:31:29";"10:15:34";"10:11:53";"10:27:37";"10:26:04";"10:39:49"
"10:22:54";"10:18:48";"10:34:24";"10:30:43";"10:32:04";"10:15:47";"10:12:21";"10:28:23";"10:26:17";"10:40:10"
"10:27:01";"10:18:55";"10:35:35";"10:31:35";"10:34:55";"10:15:47";"10:12:32";"10:29:18";"10:26:44";"10:40:25"
"10:30:23";"10:20:50";"10:36:40";"10:31:46";"10:40:20";"10:15:59";"10:15:44";"10:31:59";"10:27:19";"10:41:05"
"10:30:54";"10:21:06";"10:36:58";"10:32:00";"10:41:21";"10:16:51";"10:16:23";"10:32:09";"10:27:45";"10:41:16"
"10:32:08";"10:21:20";"10:37:26";"10:32:27";"10:46:17";"10:19:11";"10:16:34";"10:32:43";"10:29:37";"10:41:49"
"10:34:02";"10:21:37";"10:37:55";"10:32:39";"10:48:04";"10:21:26";"10:16:39";"10:32:50";"10:30:45";"10:44:00"
"10:34:51";"10:22:28";"10:41:27";"10:33:22";"10:49:00";"10:24:59";"10:16:59";"10:35:13";"10:31:31";"10:46:52"
"10:35:22";"10:23:26";"10:43:07";"10:33:30";"10:49:51";"10:26:31";"10:17:18";"10:36:21";"10:33:00";"10:47:16"
"10:35:33";"10:24:56";"10:43:46";"10:33:49";"10:53:37";"10:26:41";"10:17:38";"10:36:45";"10:35:51";"10:47:54"
"10:36:35";"10:25:11";"10:44:31";"10:34:32";"10:53:40";"10:27:09";"10:20:20";"10:39:02";"10:35:56";"10:48:44"
"10:39:13";"10:25:49";"10:45:04";"10:34:41";"10:55:06";"10:27:20";"10:21:27";"10:39:14";"10:36:59";"10:49:12"
"10:40:10";"10:28:12";"10:45:46";"10:35:05";"10:55:50";"10:27:24";"10:22:22";"10:40:33";"10:37:07";"10:50:05"
"10:40:22";"10:31:23";"10:46:03";"10:36:08";"10:57:28";"10:28:52";"10:22:41";"10:40:51";"10:40:06";"10:50:22"
"10:43:28";"10:32:29";"10:46:20";"10:36:37";"10:59:07";"10:30:48";"10:22:53";"10:45:31";"10:41:08";"10:55:24"
"10:43:43";"10:34:43";"10:48:47";"10:36:41";"11:01:01";"10:31:02";"10:23:16";"10:47:06";"10:42:01";"10:55:46"
"10:45:30";"10:37:57";"10:49:26";"10:38:45";"11:01:14";"10:32:22";"10:24:27";"10:47:10";"10:42:13";"10:55:55"
"10:46:40";"10:38:44";"10:49:27";"10:44:09";"11:02:08";"10:34:19";"10:24:30";"10:47:15";"10:44:10";"10:56:01"
"10:46:48";"10:39:59";"10:50:30";"10:44:50";"11:04:03";"10:34:28";"10:24:59";"10:50:07";"10:46:17";"10:56:33"
"10:47:35";"10:43:58";"10:50:43";"10:45:17";"11:04:39";"10:35:48";"10:25:14";"10:52:16";"10:47:04";"10:56:39"
"10:47:50";"10:45:01";"10:52:34";"10:45:44";"11:04:47";"10:35:52";"10:25:26";"10:52:16";"10:52:21";"10:58:15"
"10:48:34";"10:46:32";"10:52:44";"10:45:59";"11:05:03";"10:38:58";"10:25:37";"10:53:25";"10:53:45";"11:00:29"
"10:48:41";"10:49:00";"10:54:21";"10:46:56";"11:05:11";"10:39:53";"10:25:50";"10:53:33";"10:53:45";"11:00:53"
"10:49:46";"10:49:26";"10:57:09";"10:47:08";"11:06:13";"10:40:31";"10:28:49";"10:55:42";"10:53:57";"11:02:41"
"10:53:45";"10:49:30";"10:58:12";"10:47:19";"11:06:31";"10:41:21";"10:29:44";"11:00:49";"10:55:13";"11:03:36"
"10:55:05";"10:51:43";"11:05:05";"10:48:49";"11:07:02";"10:41:40";"10:29:47";"11:00:51";"10:56:04";"11:04:33"
"10:56:03";"10:52:05";"11:05:33";"10:51:02";"11:07:02";"10:41:41";"10:30:49";"11:01:33";"10:56:51";"11:05:25"
"10:58:17";"10:53:22";"11:07:07";"10:51:09";"11:07:32";"10:42:35";"10:31:17";"11:02:07";"11:02:58";"11:06:20"
"10:58:28";"10:53:39";"11:07:08";"10:52:25";"11:07:47";"10:42:48";"10:32:53";"11:02:45";"11:05:32";"11:06:29"
"11:02:08";"10:54:19";"11:07:48";"10:54:11";"11:07:56";"10:43:41";"10:34:01";"11:03:46";"11:07:12";"11:06:32"
"11:02:47";"10:56:12";"11:09:34";"10:56:45";"11:08:12";"10:43:49";"10:36:21";"11:05:45";"11:08:23";"11:06:33"
"11:03:23";"10:56:28";"11:10:11";"10:56:51";"11:08:44";"10:45:54";"10:37:22";"11:06:48";"11:08:36";"11:07:25"
"11:03:56";"10:57:24";"11:12:07";"10:59:23";"11:10:02";"10:46:17";"10:38:37";"11:07:33";"11:11:29";"11:09:05"
"11:04:18";"11:00:04";"11:12:23";"11:00:42";"11:13:35";"10:48:03";"10:39:06";"11:07:53";"11:12:20";"11:10:10"
"11:04:50";"11:00:51";"11:13:02";"11:01:27";"11:14:41";"10:52:22";"10:39:33";"11:07:57";"11:12:36";"11:11:24"
"11:07:08";"11:03:58";"11:13:20";"11:01:35";"11:17:25";"10:55:55";"10:41:21";"11:08:45";"11:12:51";"11:13:28"
"11:08:04";"11:06:11";"11:14:21";"11:02:50";"11:17:49";"10:56:41";"10:42:31";"11:13:06";"11:14:31";"11:14:12"
"11:09:35";"11:06:40";"11:14:22";"11:03:24";"11:18:29";"11:01:12";"10:44:58";"11:13:37";"11:16:05";"11:14:24"
"11:12:22";"11:06:44";"11:14:53";"11:03:34";"11:19:00";"11:01:57";"10:48:59";"11:14:03";"11:16:47";"11:16:05"
"11:12:37";"11:08:40";"11:15:29";"11:05:58";"11:19:16";"11:04:21";"10:50:27";"11:14:39";"11:17:25";"11:16:32"
"11:13:16";"11:08:56";"11:16:38";"11:06:46";"11:19:47";"11:05:00";"10:50:56";"11:14:40";"11:17:39";"11:16:39"
"11:14:29";"11:09:45";"11:16:50";"11:07:55";"11:22:23";"11:10:41";"10:51:43";"11:15:28";"11:18:59";"11:17:31"
"11:16:49";"11:11:13";"11:17:05";"11:10:32";"11:24:37";"11:11:43";"10:52:25";"11:18:59";"11:19:17";"11:20:29"
"11:17:16";"11:11:44";"11:17:27";"11:10:56";"11:25:52";"11:12:18";"10:55:44";"11:19:26";"11:19:59";"11:23:28"
"11:18:24";"11:12:04";"11:18:13";"11:12:20";"11:26:02";"11:12:47";"10:56:07";"11:19:36";"11:20:48";"11:24:12"
"11:18:32";"11:14:19";"11:19:45";"11:13:46";"11:26:06";"11:13:32";"10:56:34";"11:20:17";"11:21:43";"11:25:22"
"11:19:08";"11:14:22";"11:19:58";"11:13:59";"11:26:21";"11:14:04";"10:57:48";"11:21:52";"11:21:48";"11:25:30"
"11:19:17";"11:14:24";"11:21:29";"11:15:15";"11:26:44";"11:15:21";"10:58:49";"11:22:49";"11:22:00";"11:26:02"
"11:20:51";"11:15:14";"11:23:06";"11:15:26";"11:27:04";"11:17:59";"11:01:22";"11:23:03";"11:22:06";"11:32:21"
"11:20:53";"11:15:54";"11:24:20";"11:15:36";"11:28:29";"11:18:53";"11:02:38";"11:23:18";"11:25:21";"11:32:44"
"11:22:23";"11:17:29";"11:24:40";"11:16:17";"11:28:30";"11:20:03";"11:02:44";"11:24:40";"11:26:32";"11:32:58"
"11:22:43";"11:19:21";"11:25:18";"11:16:37";"11:29:17";"11:20:12";"11:03:36";"11:26:29";"11:28:29";"11:34:16"
"11:24:31";"11:19:26";"11:25:29";"11:18:47";"11:30:37";"11:20:51";"11:06:18";"11:28:55";"11:29:13";"11:36:21"
"11:26:24";"11:19:46";"11:25:32";"11:23:53";"11:30:46";"11:22:20";"11:08:34";"11:32:02";"11:29:57";"11:36:35"
"11:26:38";"11:20:21";"11:26:36";"11:26:54";"11:31:22";"11:22:28";"11:08:36";"11:33:34";"11:30:00";"11:37:45"
"11:28:28";"11:20:24";"11:27:05";"11:27:04";"11:31:34";"11:22:32";"11:08:52";"11:33:42";"11:30:19";"11:37:52"
"11:29:40";"11:20:55";"11:27:58";"11:28:32";"11:32:57";"11:23:47";"11:11:36";"11:34:16";"11:31:33";"11:39:27"
"11:32:30";"11:22:03";"11:28:04";"11:30:07";"11:32:58";"11:23:49";"11:12:44";"11:34:33";"11:32:19";"11:39:57"
"11:33:07";"11:22:08";"11:29:22";"11:30:53";"11:33:49";"11:24:51";"11:13:03";"11:35:01";"11:32:33";"11:40:40"
"11:33:15";"11:23:02";"11:30:54";"11:31:07";"11:33:53";"11:25:38";"11:13:09";"11:36:06";"11:33:52";"11:42:04"
"11:36:02";"11:24:37";"11:31:48";"11:32:17";"11:34:41";"11:26:47";"11:13:11";"11:37:24";"11:33:58";"11:42:06"
"11:36:44";"11:24:37";"11:33:36";"11:32:48";"11:35:05";"11:27:13";"11:13:48";"11:38:23";"11:34:53";"11:45:12"
"11:37:08";"11:26:59";"11:33:45";"11:32:50";"11:35:32";"11:28:45";"11:14:02";"11:38:31";"11:35:43";"11:45:50"
"11:39:17";"11:29:26";"11:33:57";"11:34:06";"11:36:22";"11:31:43";"11:14:14";"11:38:34";"11:36:45";"11:46:11"
"11:39:32";"11:30:59";"11:35:25";"11:35:32";"11:36:51";"11:31:54";"11:16:20";"11:38:44";"11:37:58";"11:46:20"
"11:39:46";"11:31:31";"11:37:06";"11:37:28";"11:38:01";"11:33:23";"11:16:57";"11:40:34";"11:37:59";"11:46:51"
"11:40:31";"11:31:46";"11:37:07";"11:39:28";"11:38:50";"11:35:48";"11:17:31";"11:40:42";"11:39:15";"11:47:08"
"11:42:08";"11:32:13";"11:37:53";"11:39:53";"11:38:53";"11:37:08";"11:19:14";"11:42:15";"11:40:42";"11:48:34"
"11:43:01";"11:34:52";"11:38:41";"11:39:59";"11:39:48";"11:37:19";"11:20:56";"11:42:21";"11:40:42";"11:48:46"
"11:43:02";"11:35:40";"11:38:49";"11:41:03";"11:40:12";"11:37:41";"11:22:18";"11:43:04";"11:41:50";"11:48:47"
"11:43:42";"11:36:24";"11:39:05";"11:41:47";"11:40:19";"11:38:28";"11:23:06";"11:43:14";"11:41:57";"11:50:02"
"11:44:33";"11:36:36";"11:40:24";"11:41:49";"11:40:27";"11:39:15";"11:25:03";"11:43:20";"11:42:47";"11:52:45"
"11:44:46";"11:36:38";"11:42:19";"11:42:31";"11:41:51";"11:39:27";"11:25:21";"11:44:22";"11:43:04";"11:53:11"
"11:45:17";"11:37:47";"11:43:31";"11:43:17";"11:42:50";"11:39:43";"11:25:59";"11:45:24";"11:43:13";"11:55:26"
"11:45:19";"11:37:55";"11:44:00";"11:44:38";"11:44:08";"11:39:49";"11:27:26";"11:45:58";"11:43:53";"11:56:09"
"11:46:16";"11:38:06";"11:45:47";"11:45:14";"11:44:16";"11:40:31";"11:28:43";"11:47:57";"11:44:18";"11:57:27"
"11:47:07";"11:38:12";"11:46:18";"11:47:27";"11:44:16";"11:40:37";"11:29:52";"11:49:57";"11:44:59";"11:57:35"
"11:47:18";"11:38:31";"11:48:14";"11:49:01";"11:44:18";"11:41:01";"11:30:44";"11:50:20";"11:46:07";"11:58:00"
"11:47:25";"11:39:07";"11:50:09";"11:49:06";"11:44:58";"11:42:07";"11:34:54";"11:50:30";"11:48:31";"11:58:07"
"11:48:02";"11:39:17";"11:51:07";"11:49:59";"11:46:20";"11:42:25";"11:35:19";"11:51:03";"11:50:17";"11:58:14"
"11:48:40";"11:40:33";"11:54:02";"11:50:13";"11:46:59";"11:45:00";"11:36:29";"11:51:36";"11:50:59";"11:58:14"
"11:49:38";"11:41:08";"11:56:05";"11:51:25";"11:49:15";"11:45:04";"11:36:35";"11:51:45";"11:53:45";"11:58:27"
"11:51:23";"11:41:29";"11:56:28";"11:52:53";"11:49:56";"11:45:32";"11:36:45";"11:52:44";"11:54:40";"11:58:42"
"11:51:35";"11:41:30";"11:56:30";"11:53:07";"11:50:07";"11:46:25";"11:40:29";"11:53:35";"11:54:44";"12:00:38"
"11:51:54";"11:41:42";"11:57:51";"11:54:44";"11:50:39";"11:47:06";"11:40:53";"11:53:48";"11:55:24";"12:02:30"
"11:52:15";"11:44:18";"11:58:25";"11:55:45";"11:51:07";"11:48:18";"11:41:14";"11:53:53";"11:55:40";"12:02:43"
"11:53:00";"11:44:22";"12:02:43";"11:56:34";"11:51:09";"11:48:31";"11:43:06";"11:55:52";"11:55:42";"12:03:19"
"11:55:37";"11:44:35";"12:04:51";"11:56:46";"11:51:19";"11:49:13";"11:44:49";"11:56:17";"11:57:06";"12:03:58"
"11:56:01";"11:46:44";"12:05:17";"11:56:46";"11:51:32";"11:49:51";"11:45:58";"11:58:56";"12:00:02";"12:06:48"
"11:59:06";"11:49:43";"12:05:25";"11:56:52";"11:51:46";"11:50:43";"11:48:01";"11:59:00";"12:01:39";"12:09:15"
"11:59:08";"11:49:43";"12:06:59";"11:57:29";"11:52:09";"11:50:48";"11:48:21";"11:59:20";"12:03:40";"12:09:37"
"11:59:54";"11:50:10";"12:07:33";"11:58:44";"11:54:06";"11:51:09";"11:49:33";"12:01:05";"12:04:12";"12:10:11"
"12:00:19";"11:50:43";"12:09:14";"12:01:37";"11:55:31";"11:54:09";"11:50:08";"12:01:19";"12:05:30";"12:10:16"
"12:01:07";"11:50:56";"12:13:24";"12:02:26";"11:55:34";"11:54:22";"11:52:35";"12:02:45";"12:06:03";"12:10:41"
"12:01:15";"11:52:43";"12:14:16";"12:03:29";"11:56:12";"11:54:28";"11:53:02";"12:03:05";"12:06:47";"12:12:04"
"12:03:21";"11:52:54";"12:14:27";"12:03:44";"11:57:19";"11:54:37";"11:54:13";"12:03:12";"12:09:21";"12:12:54"
"12:04:17";"11:53:16";"12:14:52";"12:04:59";"11:59:14";"11:57:08";"11:56:24";"12:03:27";"12:10:30";"12:13:18"
"12:07:47";"11:56:55";"12:15:10";"12:05:13";"11:59:46";"11:59:19";"11:57:36";"12:05:08";"12:10:43";"12:14:37"
"12:08:26";"11:57:58";"12:15:45";"12:05:36";"12:00:22";"12:00:23";"11:57:39";"12:05:11";"12:12:11";"12:14:55"
"12:09:19";"11:58:05";"12:15:45";"12:07:08";"12:01:04";"12:02:31";"11:58:06";"12:05:30";"12:12:43";"12:15:57"
"12:10:10";"11:59:12";"12:16:13";"12:07:52";"12:02:34";"12:03:39";"11:58:41";"12:06:01";"12:12:50";"12:18:26"
"12:14:17";"11:59:37";"12:16:45";"12:10:03";"12:02:41";"12:03:43";"11:59:01";"12:08:03";"12:13:03";"12:18:48"
"12:14:41";"12:00:26";"12:21:31";"12:13:42";"12:06:09";"12:04:40";"12:00:43";"12:08:24";"12:15:26";"12:18:56"
"12:16:02";"12:00:37";"12:21:34";"12:16:41";"12:08:04";"12:05:32";"12:01:08";"12:10:16";"12:15:28";"12:19:48"
"12:19:02";"12:02:00";"12:22:03";"12:19:06";"12:09:16";"12:06:42";"12:01:12";"12:12:06";"12:16:21";"12:21:55"
"12:23:22";"12:02:03";"12:22:42";"12:22:01";"12:09:36";"12:07:11";"12:01:21";"12:15:14";"12:17:13";"12:22:38"
"12:30:40";"12:02:42";"12:22:54";"12:23:22";"12:12:05";"12:07:20";"12:03:31";"12:15:17";"12:18:37";"12:23:08"
"12:30:53";"12:03:45";"12:23:06";"12:23:47";"12:13:31";"12:07:22";"12:03:37";"12:16:22";"12:19:47";"12:23:42"
"12:31:06";"12:03:56";"12:23:56";"12:25:26";"12:13:46";"12:08:52";"12:04:06";"12:18:31";"12:20:32";"12:23:58"
"12:32:58";"12:04:06";"12:25:01";"12:25:52";"12:14:38";"12:09:41";"12:05:04";"12:18:34";"12:21:37";"12:24:55"
"12:34:56";"12:04:14";"12:26:07";"12:26:01";"12:16:31";"12:09:55";"12:06:47";"12:18:53";"12:22:36";"12:25:00"
"12:35:07";"12:05:13";"12:26:51";"12:26:09";"12:17:33";"12:09:59";"12:06:56";"12:19:16";"12:23:18";"12:25:09"
"12:35:53";"12:06:14";"12:26:56";"12:27:31";"12:18:27";"12:10:33";"12:06:59";"12:19:35";"12:24:03";"12:26:04"
"12:36:20";"12:06:31";"12:29:13";"12:29:06";"12:18:59";"12:10:36";"12:07:42";"12:19:45";"12:24:15";"12:26:14"
"12:36:57";"12:07:44";"12:29:29";"12:31:18";"12:19:42";"12:10:57";"12:08:20";"12:20:02";"12:26:21";"12:26:53"
"12:37:23";"12:10:02";"12:30:29";"12:31:25";"12:20:04";"12:12:04";"12:09:58";"12:21:58";"12:27:09";"12:27:20"
"12:37:36";"12:12:09";"12:31:13";"12:33:30";"12:20:34";"12:14:10";"12:10:45";"12:22:39";"12:27:14";"12:27:35"
"12:37:53";"12:14:12";"12:32:30";"12:36:41";"12:21:10";"12:14:39";"12:12:27";"12:23:26";"12:28:54";"12:27:52"
"12:38:01";"12:15:47";"12:33:06";"12:37:00";"12:22:53";"12:14:57";"12:13:40";"12:26:06";"12:29:58";"12:29:24"
"12:38:21";"12:17:29";"12:33:54";"12:37:08";"12:24:00";"12:16:09";"12:13:52";"12:27:54";"12:31:28";"12:29:45"
"12:39:11";"12:17:36";"12:34:16";"12:37:11";"12:25:48";"12:17:08";"12:14:00";"12:28:28";"12:31:45";"12:30:31"
"12:39:14";"12:19:17";"12:34:21";"12:37:39";"12:28:35";"12:18:26";"12:14:16";"12:28:44";"12:33:00";"12:34:18"
"12:39:15";"12:19:26";"12:35:29";"12:39:55";"12:29:27";"12:19:00";"12:15:14";"12:28:46";"12:33:39";"12:35:27"
"12:43:19";"12:21:32";"12:35:49";"12:40:18";"12:29:58";"12:19:29";"12:15:21";"12:29:09";"12:34:37";"12:36:02"
"12:43:40";"12:21:55";"12:36:24";"12:42:40";"12:30:14";"12:20:19";"12:16:10";"12:29:30";"12:37:08";"12:36:33"
"12:46:58";"12:22:07";"12:37:04";"12:43:49";"12:30:41";"12:22:26";"12:16:22";"12:29:46";"12:37:12";"12:37:10"
"12:48:25";"12:23:26";"12:38:40";"12:50:20";"12:35:56";"12:23:04";"12:16:54";"12:31:15";"12:39:37";"12:37:36"
"12:48:27";"12:25:08";"12:40:11";"12:51:44";"12:36:28";"12:23:20";"12:17:18";"12:31:32";"12:42:27";"12:38:58"
"12:49:08";"12:25:17";"12:41:17";"12:51:54";"12:38:25";"12:23:20";"12:18:01";"12:31:55";"12:44:52";"12:39:03"
"12:49:44";"12:25:43";"12:44:30";"12:52:30";"12:39:53";"12:24:14";"12:18:56";"12:31:59";"12:44:54";"12:39:30"
"12:49:48";"12:25:57";"12:45:09";"12:52:49";"12:42:20";"12:26:27";"12:19:00";"12:32:07";"12:45:14";"12:39:34"
"12:50:35";"12:26:19";"12:45:25";"12:53:09";"12:45:22";"12:26:48";"12:20:46";"12:32:16";"12:46:05";"12:40:21"
"12:50:42";"12:26:19";"12:45:25";"12:54:45";"12:45:35";"12:28:46";"12:22:46";"12:34:07";"12:49:47";"12:41:07"
"12:51:37";"12:29:58";"12:47:06";"12:56:47";"12:45:48";"12:31:12";"12:26:33";"12:35:05";"12:51:15";"12:41:21"
"12:53:44";"12:30:02";"12:52:34";"12:59:32";"12:45:52";"12:33:52";"12:27:28";"12:35:22";"12:51:32";"12:41:36"
"12:54:51";"12:32:10";"12:52:59";"13:00:15";"12:46:50";"12:34:05";"12:29:44";"12:35:26";"12:54:59";"12:42:03"
"12:55:24";"12:32:14";"12:57:07";"13:01:05";"12:47:15";"12:35:51";"12:29:57";"12:36:16";"12:55:11";"12:43:35"
"12:56:06";"12:32:40";"12:58:10";"13:01:13";"12:48:41";"12:37:25";"12:30:08";"12:36:50";"12:57:56";"12:45:02"
"12:57:15";"12:33:42";"12:58:22";"13:03:20";"12:49:29";"12:37:53";"12:31:20";"12:38:07";"12:59:50";"12:45:53"
"12:57:47";"12:34:34";"12:58:31";"13:07:00";"12:49:37";"12:38:17";"12:31:50";"12:38:39";"13:00:35";"12:46:35"
"12:58:59";"12:34:43";"12:58:38";"13:10:20";"12:50:24";"12:39:31";"12:36:54";"12:38:52";"13:01:41";"12:47:46"
"12:59:49";"12:35:10";"12:59:04";"13:11:15";"12:51:19";"12:39:47";"12:37:05";"12:43:45";"13:02:06";"12:49:12"
"12:59:59";"12:35:18";"12:59:12";"13:12:40";"12:52:35";"12:40:17";"12:38:39";"12:43:59";"13:03:41";"12:51:23"
"13:01:50";"12:35:26";"12:59:44";"13:14:58";"12:55:08";"12:42:37";"12:38:40";"12:44:11";"13:05:58";"12:51:24"
"13:02:03";"12:35:50";"12:59:49";"13:15:35";"12:56:18";"12:43:54";"12:42:42";"12:45:46";"13:06:01";"12:54:58"
"13:02:13";"12:37:05";"13:00:03";"13:15:55";"12:56:26";"12:45:14";"12:44:56";"12:45:53";"13:06:07";"12:55:32"
"13:03:58";"12:38:42";"13:01:05";"13:17:54";"12:57:07";"12:45:33";"12:46:23";"12:47:03";"13:06:39";"12:55:43"
"13:04:44";"12:39:07";"13:01:53";"13:18:29";"12:57:16";"12:46:42";"12:48:39";"12:47:32";"13:08:22";"12:57:23"
"13:04:50";"12:42:23";"13:04:13";"13:19:12";"12:57:22";"12:48:09";"12:49:44";"12:47:41";"13:10:02";"12:58:06"
"13:07:23";"12:43:10";"13:04:52";"13:20:04";"12:58:54";"12:48:30";"12:49:46";"12:47:52";"13:11:00";"12:58:14"
"13:09:49";"12:44:40";"13:05:36";"13:20:22";"12:59:02";"12:48:43";"12:50:34";"12:47:55";"13:11:36";"12:58:29"
"13:13:11";"12:44:42";"13:07:01";"13:21:07";"13:00:55";"12:49:43";"12:50:54";"12:49:15";"13:12:32";"12:59:30"
"13:13:45";"12:45:13";"13:12:07";"13:22:09";"13:02:35";"12:50:29";"12:52:42";"12:49:26";"13:15:15";"12:59:59"
"13:14:15";"12:45:26";"13:12:59";"13:22:21";"13:05:15";"12:53:30";"12:53:36";"12:50:41";"13:15:33";"13:02:41"
"13:16:44";"12:46:09";"13:15:47";"13:22:38";"13:05:24";"12:57:17";"12:55:49";"12:51:54";"13:16:20";"13:05:32"
"13:16:45";"12:46:32";"13:16:12";"13:23:13";"13:07:51";"12:57:26";"12:56:10";"12:52:19";"13:17:37";"13:06:01"
"13:17:06";"12:46:48";"13:17:05";"13:25:38";"13:09:01";"12:57:41";"12:57:05";"12:52:29";"13:18:10";"13:07:12"
"13:19:43";"12:47:22";"13:18:18";"13:26:05";"13:09:21";"12:59:04";"12:58:55";"12:52:38";"13:18:44";"13:07:13"
"13:22:10";"12:48:18";"13:18:26";"13:26:23";"13:09:47";"12:59:52";"12:59:23";"12:53:53";"13:19:13";"13:12:00"
"13:22:34";"12:50:20";"13:20:14";"13:27:49";"13:10:08";"13:01:29";"13:00:43";"12:55:17";"13:24:09";"13:14:26"
"13:23:32";"12:50:34";"13:25:51";"13:28:33";"13:11:01";"13:03:32";"13:01:54";"12:56:17";"13:26:23";"13:16:19"
"13:23:47";"12:51:10";"13:27:23";"13:28:59";"13:11:01";"13:06:32";"13:02:06";"12:56:22";"13:26:36";"13:16:53"
"13:24:42";"12:52:11";"13:28:30";"13:31:06";"13:14:47";"13:07:30";"13:02:35";"12:56:44";"13:26:52";"13:19:12"
"13:26:10";"12:52:27";"13:28:42";"13:34:17";"13:16:13";"13:08:41";"13:03:35";"12:58:30";"13:29:51";"13:20:29"
"13:26:51";"12:53:15";"13:29:56";"13:34:51";"13:16:39";"13:09:29";"13:04:00";"12:59:51";"13:33:28";"13:24:08"
"13:29:02";"12:53:20";"13:30:06";"13:35:04";"13:19:48";"13:10:46";"13:04:04";"13:00:17";"13:41:46";"13:24:16"
"13:29:22";"12:54:06";"13:31:22";"13:37:39";"13:21:42";"13:12:40";"13:08:14";"13:01:15";"13:44:51";"13:24:20"
"13:31:17";"12:54:10";"13:32:58";"13:38:04";"13:24:20";"13:14:50";"13:10:15";"13:02:55";"13:45:14";"13:26:23"
"13:31:27";"12:55:30";"13:32:58";"13:38:40";"13:27:08";"13:15:41";"13:13:21";"13:07:14";"13:47:16";"13:26:50"
"13:31:56";"12:56:12";"13:33:28";"13:38:46";"13:27:45";"13:19:29";"13:14:20";"13:07:48";"13:49:38";"13:29:30"
"13:34:22";"12:57:38";"13:33:55";"13:39:42";"13:28:08";"13:21:36";"13:14:33";"13:09:20";"13:51:11";"13:30:16"
"13:39:37";"12:58:03";"13:37:01";"13:41:37";"13:28:28";"13:22:32";"13:17:31";"13:11:07";"13:51:45";"13:31:55"
"13:42:08";"12:58:41";"13:37:09";"13:42:47";"13:31:20";"13:23:05";"13:19:23";"13:12:08";"13:53:37";"13:32:15"
"13:43:52";"12:59:35";"13:39:37";"13:43:28";"13:32:53";"13:23:11";"13:19:27";"13:12:28";"13:54:19";"13:35:26"
"13:45:00";"12:59:55";"13:41:23";"13:43:55";"13:33:12";"13:27:05";"13:21:05";"13:15:30";"13:54:34";"13:36:57"
"13:45:35";"13:00:33";"13:41:48";"13:47:31";"13:33:14";"13:30:00";"13:22:21";"13:15:40";"13:54:36";"13:38:07"
"13:46:21";"13:00:54";"13:45:13";"13:50:09";"13:33:29";"13:32:39";"13:25:04";"13:15:48";"13:55:45";"13:39:44"
"13:47:13";"13:07:17";"13:45:59";"13:50:50";"13:33:45";"13:32:43";"13:25:52";"13:15:58";"13:55:53";"13:40:47"
"13:51:32";"13:10:13";"13:46:13";"13:51:46";"13:35:08";"13:33:14";"13:28:15";"13:16:03";"13:57:28";"13:42:36"
"13:52:40";"13:10:25";"13:46:30";"13:54:37";"13:35:10";"13:34:47";"13:28:23";"13:16:45";"13:57:47";"13:42:57"
"13:56:33";"13:11:21";"13:46:33";"13:59:16";"13:36:47";"13:35:47";"13:29:35";"13:17:55";"14:01:39";"13:43:43"
"13:57:03";"13:14:48";"13:47:04";"13:59:32";"13:39:05";"13:36:19";"13:32:07";"13:18:35";"14:02:59";"13:44:12"
"13:59:45";"13:16:38";"13:47:48";"14:01:23";"13:40:04";"13:38:19";"13:32:18";"13:19:57";"14:08:02";"13:45:38"
"13:59:50";"13:17:50";"13:49:22";"14:01:43";"13:40:42";"13:38:43";"13:35:06";"13:21:04";"14:09:53";"13:46:26"
"14:03:14";"13:18:03";"13:49:23";"14:02:27";"13:41:01";"13:39:34";"13:37:18";"13:22:38";"14:10:16";"13:46:34"
"14:07:26";"13:21:17";"13:49:38";"14:03:12";"13:41:23";"13:41:34";"13:38:34";"13:23:35";"14:14:31";"13:49:14"
"14:08:26";"13:22:55";"13:56:32";"14:04:17";"13:41:57";"13:44:12";"13:41:05";"13:26:50";"14:15:21";"13:49:39"
"14:09:42";"13:23:58";"13:56:50";"14:04:48";"13:42:17";"13:44:21";"13:44:22";"13:28:44";"14:19:46";"13:49:47"
"14:17:02";"13:24:34";"13:58:23";"14:06:57";"13:43:17";"13:46:01";"13:44:56";"13:29:08";"14:24:40";"13:50:44"
"14:17:21";"13:25:08";"14:01:05";"14:07:03";"13:44:17";"13:47:36";"13:47:16";"13:31:55";"14:24:49";"13:50:54"
"14:17:32";"13:26:09";"14:01:42";"14:07:51";"13:45:10";"13:52:01";"13:49:39";"13:33:23";"14:24:59";"13:58:20"
"14:18:38";"13:27:43";"14:05:32";"14:10:39";"13:47:51";"13:53:05";"13:49:55";"13:36:22";"14:26:39";"13:59:34"
"14:20:02";"13:31:05";"14:07:28";"14:12:47";"13:49:47";"13:54:45";"13:49:56";"13:37:19";"14:29:41";"14:01:24"
"14:20:12";"13:31:43";"14:09:02";"14:17:14";"13:50:53";"13:54:50";"13:51:58";"13:39:06";"14:30:31";"14:01:40"
"14:22:42";"13:33:14";"14:09:20";"14:21:10";"13:54:42";"13:57:42";"13:52:07";"13:40:10";"14:34:11";"14:05:37"
"14:27:36";"13:33:56";"14:09:38";"14:21:18";"13:54:49";"13:58:26";"13:52:43";"13:42:40";"14:34:17";"14:09:25"
"14:28:56";"13:36:52";"14:10:08";"14:21:46";"13:55:47";"13:59:06";"13:53:28";"13:43:31";"14:36:41";"14:10:17"
"14:30:18";"13:37:14";"14:11:09";"14:26:11";"13:56:05";"14:02:07";"13:53:58";"13:48:45";"14:37:28";"14:11:56"
"14:32:38";"13:37:55";"14:11:57";"14:28:12";"13:59:15";"14:03:29";"13:54:39";"13:49:03";"14:38:38";"14:12:48"
"14:36:02";"13:39:55";"14:14:01";"14:31:34";"13:59:34";"14:04:05";"13:57:15";"13:49:03";"14:38:55";"14:14:11"
"14:36:19";"13:40:06";"14:15:50";"14:32:03";"14:03:12";"14:07:22";"13:59:45";"13:49:28";"14:39:14";"14:17:59"
"14:41:18";"13:40:45";"14:18:19";"14:32:24";"14:03:19";"14:08:39";"14:02:10";"13:50:25";"14:39:51";"14:21:52"
"14:41:57";"13:41:01";"14:19:41";"14:33:22";"14:05:21";"14:09:10";"14:05:17";"13:50:40";"14:40:41";"14:22:19"
"14:42:59";"13:43:04";"14:20:11";"14:35:37";"14:07:34";"14:11:03";"14:09:04";"13:51:05";"14:41:22";"14:26:10"
"14:43:52";"13:43:07";"14:21:50";"14:38:47";"14:08:00";"14:11:08";"14:11:15";"13:51:08";"14:42:23";"14:28:32"
"14:43:53";"13:43:37";"14:22:04";"14:39:01";"14:08:31";"14:12:06";"14:11:17";"13:55:29";"14:42:57";"14:30:49"
"14:44:18";"13:46:11";"14:22:06";"14:39:23";"14:12:48";"14:13:47";"14:12:23";"13:57:04";"14:44:12";"14:30:49"
"14:45:40";"13:46:42";"14:23:31";"14:42:58";"14:12:57";"14:15:36";"14:13:56";"13:58:18";"14:44:42";"14:35:29"
"14:47:50";"13:48:23";"14:25:33";"14:44:13";"14:14:13";"14:21:00";"14:20:49";"13:58:30";"14:45:54";"14:35:53"
"14:52:14";"13:49:42";"14:26:38";"14:45:31";"14:15:31";"14:21:46";"14:22:13";"13:58:38";"14:46:31";"14:38:04"
"14:52:30";"13:49:44";"14:27:49";"14:47:17";"14:20:22";"14:25:28";"14:22:42";"13:59:31";"14:46:55";"14:38:12"
"14:52:48";"13:50:17";"14:29:06";"14:51:59";"14:21:45";"14:25:31";"14:27:52";"13:59:59";"14:47:38";"14:39:42"
"14:53:27";"13:50:29";"14:43:35";"14:55:32";"14:22:26";"14:26:10";"14:32:00";"14:00:24";"14:49:00";"14:41:15"
"14:53:43";"13:52:34";"14:50:04";"14:57:50";"14:26:30";"14:26:25";"14:37:02";"14:00:51";"14:49:50";"14:41:48"
"14:59:39";"13:56:13";"14:52:54";"15:00:41";"14:29:13";"14:27:05";"14:43:01";"14:03:36";"14:51:12";"14:48:35"
"15:00:56";"13:56:42";"14:54:12";"15:02:09";"14:29:32";"14:28:13";"14:49:04";"14:04:21";"14:52:02";"14:49:09"
"15:02:15";"13:56:42";"15:03:37";"15:03:08";"14:31:51";"14:33:50";"14:49:16";"14:06:20";"14:52:14";"14:50:27"
"15:03:48";"13:56:44";"15:03:48";"15:06:25";"14:32:08";"14:37:10";"14:50:28";"14:06:38";"14:54:16";"14:51:21"
"15:07:42";"13:57:01";"15:04:55";"15:11:34";"14:32:09";"14:37:33";"14:51:41";"14:07:32";"14:57:34";"14:51:54"
"15:13:33";"14:00:58";"15:05:44";"15:14:04";"14:35:05";"14:37:50";"14:52:08";"14:09:48";"14:57:51";"14:55:38"
"15:14:49";"14:03:02";"15:07:58";"15:17:48";"14:35:35";"14:37:54";"14:52:09";"14:11:38";"15:05:41";"14:56:07"
"15:14:50";"14:05:31";"15:13:30";"15:18:54";"14:35:57";"14:39:29";"14:54:15";"14:14:10";"15:09:24";"14:57:08"
"15:21:35";"14:11:51";"15:13:37";"15:23:46";"14:36:18";"14:39:50";"14:54:35";"14:14:40";"15:09:54";"14:57:21"
"15:23:38";"14:15:20";"15:16:12";"15:25:14";"14:36:43";"14:50:52";"14:57:00";"14:14:59";"15:10:31";"14:58:18"
"15:24:04";"14:15:26";"15:19:30";"15:29:19";"14:36:55";"14:51:05";"15:06:08";"14:15:24";"15:21:29";"14:59:31"
"15:26:58";"14:17:58";"15:23:43";"15:29:36";"14:42:33";"14:51:48";"15:06:09";"14:17:10";"15:22:08";"15:00:48"
"15:29:50";"14:18:24";"15:25:22";"15:29:58";"14:43:23";"14:53:38";"15:09:10";"14:17:59";"15:23:33";"15:04:20"
"15:31:36";"14:19:00";"15:26:38";"15:30:07";"14:50:33";"14:55:40";"15:09:22";"14:18:02";"15:27:52";"15:05:45"
"15:31:36";"14:19:58";"15:26:56";"15:30:56";"14:54:28";"14:56:27";"15:09:59";"14:19:34";"15:30:48";"15:06:08"
"15:45:05";"14:20:15";"15:29:24";"15:34:55";"14:55:02";"15:00:00";"15:17:44";"14:21:48";"15:31:02";"15:06:18"
"15:51:36";"14:20:21";"15:30:40";"15:37:05";"14:55:33";"15:05:55";"15:20:36";"14:22:08";"15:37:17";"15:07:07"
"15:54:35";"14:22:22";"15:35:44";"15:39:02";"14:56:20";"15:08:19";"15:21:28";"14:24:48";"15:37:24";"15:10:09"
"15:56:35";"14:22:47";"15:35:50";"15:39:25";"14:59:12";"15:10:29";"15:22:17";"14:29:21";"15:39:53";"15:11:03"
"15:57:11";"14:25:04";"15:37:03";"15:42:52";"14:59:51";"15:12:31";"15:23:09";"14:29:49";"15:42:53";"15:11:33"
;"14:25:49";"15:40:14";"15:44:31";"15:04:57";"15:16:03";"15:23:31";"14:32:06";"15:46:55";"15:15:12"
;"14:26:11";"15:42:39";"15:45:22";"15:06:28";"15:17:22";"15:23:57";"14:32:58";"15:54:08";"15:15:49"
;"14:29:04";"15:44:59";"15:45:41";"15:07:30";"15:18:11";"15:24:33";"14:33:33";"15:54:34";"15:17:19"
;"14:31:38";"15:46:55";"15:48:04";"15:15:08";"15:19:24";"15:25:12";"14:33:55";"15:54:40";"15:29:44"
;"14:34:08";"15:55:18";"15:48:23";"15:19:19";"15:20:56";"15:26:20";"14:35:40";"15:59:37";"15:30:21"
;"14:37:33";"15:59:06";"15:51:24";"15:19:38";"15:26:13";"15:41:33";"14:39:07";;"15:31:48"
;"14:38:29";;"15:55:03";"15:21:52";"15:27:30";"15:44:46";"14:40:48";;"15:34:21"
;"14:38:33";;"15:55:53";"15:22:02";"15:30:25";"15:44:52";"14:43:43";;"15:35:27"
;"14:39:07";;;"15:22:56";"15:34:54";"15:47:23";"14:45:27";;"15:36:17"
;"14:39:09";;;"15:29:03";"15:36:18";"15:49:30";"14:47:40";;"15:38:28"
;"14:40:21";;;"15:30:40";"15:43:17";"15:59:58";"14:49:43";;"15:38:45"
;"14:41:06";;;"15:33:39";"15:45:51";;"14:50:35";;"15:42:09"
;"14:41:37";;;"15:35:27";"15:54:50";;"14:50:51";;"15:43:16"
;"14:43:23";;;"15:35:46";"15:55:33";;"14:55:42";;"15:45:03"
;"14:47:21";;;"15:43:06";"15:57:15";;"14:58:06";;"15:46:46"
;"14:48:01";;;"15:44:43";"15:58:04";;"14:59:58";;"15:47:02"
;"14:48:28";;;"15:45:50";;;"15:00:34";;"15:47:16"
;"14:52:16";;;"15:47:29";;;"15:09:24";;"15:47:17"
;"14:54:22";;;"15:47:42";;;"15:11:26";;"15:48:30"
;"14:58:22";;;"15:47:58";;;"15:13:20";;"15:51:11"
;"14:59:40";;;"15:54:57";;;"15:14:27";;"15:51:42"
;"15:03:35";;;"15:58:02";;;"15:20:03";;"15:51:47"
;"15:04:14";;;;;;"15:22:43";;"15:52:03"
;"15:07:12";;;;;;"15:23:16";;
;"15:08:09";;;;;;"15:24:35";;
;"15:11:28";;;;;;"15:24:43";;
;"15:12:00";;;;;;"15:25:30";;
;"15:13:04";;;;;;"15:27:00";;
;"15:17:07";;;;;;"15:27:13";;
;"15:20:48";;;;;;"15:32:22";;
;"15:22:01";;;;;;"15:35:37";;
;"15:23:40";;;;;;"15:40:37";;
;"15:26:17";;;;;;"15:41:07";;
;"15:36:27";;;;;;"15:42:04";;
;"15:38:08";;;;;;"15:43:20";;
;"15:39:29";;;;;;"15:45:16";;
;"15:42:43";;;;;;"15:51:25";;
;"15:43:27";;;;;;"15:58:38";;
;"15:46:42";;;;;;;;
;"15:48:36";;;;;;;;
